Maker Wise Financial Year Data  For All State (),,,
S No,                      Maker                       ,Financial Year ,     TOTAL     
,,,
,,2022-2023,
1,3EV INDUSTRIES PVT LTD,340,340
2,3S INDUSTRIES PRIVATE LIMITED,88,88
3,A1 HEAVY EQUIPMENTS DEVELOPER,21,21
4,A3T INCORPORTED,6,6
5,AADHYA ENTERPRISES,644,644
6,AADITYA GARBAGE PRODUCTS PVT LTD,18,18
7,AAHANA COMMERCE PVT LTD,436,436
8,AARGEE ELECTRIC,5,5
9,AARON INDUSTRIES,68,68
10,A B EXCAVATORS & EARTHMOVERS PVT LTD,1,1
11,ACCRETION POWER AUTOS,641,641
12,ACTION CONSTRUCTION EQUIPMENT LTD.,"7,946","7,946"
13,A D AGRO WORKS,104,104
14,ADAPT MOTORS PVT LTD,4,4
15,ADICO ESCORTS AGRI EQUIPMENTS PVT. LTD.,"1,811","1,811"
16,ADIDEV TECHNOA PVT LTD,265,265
17,ADISHAKTI TRACTORS,306,306
18,ADISHWAR AUTO RIDE INDIA PVT.LTD,1,1
19,ADISHWAR AUTO RIDE INDIA PVT LTD,979,979
20,ADITYA AGRO INDUSTRIES,46,46
21,ADITYA ENTERPRISES,2,2
22,ADITYA SAI INDUSTRIES,143,143
23,ADM TECHNOLOGIES PVT. LTD.,1,1
24,ADRIS ELECTRIC PVT LTD,242,242
25,AFTEK MOTORS INDIA PVT LTD,237,237
26,"AFZAL ENGG WORKS,JUNAGARH",12,12
27,"AGNEE IRON WORKS,BARIPADA",1,1
28,AGP ENGINEERING PRODUCTS,1,1
29,AGRAWAL RENEWABLE ENERGY PVT LTD,1,1
30,AGRI KING TRACTORS & EQUIPMENTS PVT LTD,69,69
31,AGRO INDUSTRIES,219,219
32,AHITESHAM AGRO ENGINEERING,12,12
33,AHMED MOTORS,117,117
34,AJANTA KRUSHI YANTRA,75,75
35,AJAX ENGINEERING LTD,"2,170","2,170"
36,AJAX FIORI ENGINEERING PVT LTD,15,15
37,"AJAY AGRO ENTERPRISES,SBP",17,17
38,AJAY ENGG WORKS & EQUIP PLTD SAMBALPUR PARDHIAPALI,1,1
39,AJAY ENGINEERING AND AGRICULTURAL EQUIPMENT CO.,6,6
40,AJAY ENTERPRISES,11,11
41,AJAY MOTORS PRIVATE LIMITED,78,78
42,AJIT ENGINEERING WORKS,3,3
43,AJS MOTORCYCLES LTD,2,2
44,AKAL AGRO INDUSTRY,8,8
45,AKASH AGRO INDUSTRIES,6,6
46,AKASH KRISHI YANTRA,2,2
47,AKASH TRAILOR,57,57
48,A K AUTTO ELECTRICAL,1,1
49,A K GUPTA & CO.,447,447
50,AKMAAN MULTI MECH MACHINES,1,1
51,A K S ENG AGRO INDUSTRIES,7,7
52,AKSHAR AGRI TECH,1,1
53,AKSHAR STEEL,7,7
54,AKSHAY INDUSTRIES,1,1
55,ALBEDO VISION PVT LTD,21,21
56,ALLFINE INDUSTRIES PVT LTD,"7,081","7,081"
57,ALL TERRAIN CRANE,981,981
58,ALPHA SERVICES,8,8
59,ALTIER ELECTRIC VEHICLES PVT LTD,"2,045","2,045"
60,ALTIGREEN PROPULSION LABS PVT LTD,"1,141","1,141"
61,ALTIUS EV TECH PVT LTD,89,89
62,ALTIUS TECHNOLOGIES,4,4
63,AMAC INNOVATIVES,1,1
64,AMAN AGRO INDUSTRIES,67,67
65,AMAN AUTOMOBILES,18,18
66,AMAN ELECTRIC VEHICLES,39,39
67,AMAR AGRO SALES,8,8
68,AMAR ENGG. WORKS,3,3
69,AMARJEET HARVESTER INDUSTRY,22,22
70,AMBIKA ENTERPRISES,97,97
71,AMBIKA INDUSTRIES,"1,143","1,143"
72,AMMANN APOLLO INDIA PVT LTD,150,150
73,AMO MOBILITY SOLUTIONS PVT LTD,"2,304","2,304"
74,AMPERE VEHICLES PRIVATE LIMITED,"84,562","84,562"
75,AMPERE VEHICLES PVT LTD,"1,797","1,797"
76,"AMRIT ENGG WORKS,DKL",34,34
77,AMW MOTORS LIMITED,11,11
78,ANCHI MOTORCYCLE  (IMPORTER: ECOTRINITY AUTOMOBILE,15,15
79,ANCHI MOTORCYCLE (IMPORTER: EVNEXUS PVT. LTD.),1,1
80,ANJALI AUTO COMPONENTS,20,20
81,ANJALI TRADERS,70,70
82,ANKIT RAJ ENGINEERIG WORKS SHOP,1,1
83,ANNAPURNA INDUSTRIES,73,73
84,ANUGRAH ENGINEERING,1,1
85,"ANUP ENTERPRISES,SNG",4,4
86,ANVITA AUTO TECH WORKS PVT LTD,28,28
87,APARNA INDUSTRIES,99,99
88,A P I MOTORS PVT LTD,"1,029","1,029"
89,APM AUTO SALES,557,557
90,APOLLO CARMIX EQUIPMENTS PVT LTD,65,65
91,APOLLO CONSTRUCTION EQUIPMENTS PVT LTD,2,2
92,APOLLO INFFRATECH PVT LTD,1,1
93,APSARA ENTERPRISE,403,403
94,APTEC EQUIPMENT PRIVATE LIMITED,10,10
95,"ARATI ENTERPRISES, BHPATNA",5,5
96,ARCHIT ENTERPRISES,665,665
97,ARD EXIM,45,45
98,ARIN TRACTORS PVT LTD,51,51
99,ARMAN GREEN VEHICLES PVT LTD,9,9
100,ARMIX CONSTRUCTION MACHINERY PVT LTD,5,5
101,ARNA ELECTRIC AUTO PVT LTD,342,342
102,ARROW AUTOMOTIVE,"3,160","3,160"
103,ARS INTERNATIONAL PVT LTD,1,1
104,ASHA IMPEX,62,62
105,"ASHOK FABRIC & ENGG,RAIRAKHOL",2,2
106,ASHOK LEYLAND DEFENCE SYSTEMS LTD,100,100
107,ASHOK LEYLAND JOHN DEERE CONST EQUIP COMP PVT LTD,1,1
108,ASHOK LEYLAND LTD,"1,55,187","1,55,187"
109,ASHWA ELECTRIC,1,1
110,A.S.R BODY WORKS,1,1
111,ASSAM FABRICATION WORKS,28,28
112,ASTER AUTOMOTIVE PVT LTD,2,2
113,ASTON MARTIN LAGONDA LTD,8,8
114,ATHER ENERGY LTD,"76,943","76,943"
115,ATLAS COPCO INDIA LTD,1,1
116,ATOMEX E-MOTORS INDIA PVT LTD,3,3
117,ATTOLENT AUTO GROUP PVT LTD,510,510
118,ATUL AUTO LTD,"20,741","20,741"
119,ATUMOBILE PVT LTD,27,27
120,ATUT SANGAM,"1,174","1,174"
121,AUDI AG,796,796
122,AUM ENGINEERING AND WORKS,14,14
123,AUTOCROLA INDIA LTD,1,1
124,AUTOECO GREEN ENERGY PVT LTD,132,132
125,AUTOHAUS PRIVATE LIMITED,378,378
126,AUTOLITE (INDIA) LIMITED,54,54
127,AUTOMOBILI LAMBORGHINI S.P.A,71,71
128,A.V.AUTOMOTIVES PVT LTD,"1,552","1,552"
129,AVL ELECTRIC VEHICLES PVT LTD,"1,854","1,854"
130,AVON CYCLE LTD INDIA,53,53
131,AVON CYCLES LTD,861,861
132,AVTAR ENGINEERING WORKS,25,25
133,AWACHAT INDUSTRIES LTD,"1,260","1,260"
134,AYAAN ELECTRONIC PVT LTD,167,167
135,BABA E RICKSHAW & C BATTERIES,1,1
136,BABA E-VEHICLES,548,548
137,BABA HARI DAS FABRICATION,2,2
138,BABA PRODUCT,31,31
139,BAGESWAR ENGG WORKS,2,2
140,BAGHWAN RIKSHAW UDYOG,3,3
141,BAJAJ AUTO LTD,"19,68,811","19,68,811"
142,BAJAJ IMPLEMENTS PVT. LTD,325,325
143,BAJAJ TEMPO LIMITED,1,1
144,BAJRANG AGRO INDUSTRIES,1,1
145,BAL AGRO INDUSTRIES,27,27
146,BALAJEE ENGINEERING,4,4
147,BALAJI AGRO INDUSTRIES,57,57
148,BALAN ENGINEERING PVT LTD,107,107
149,BALBIR INDUSTRIES,11,11
150,BAL GOPAL WHEELS PVT LTD,60,60
151,BALI AUTO INDUSTRIES,336,336
152,BALJEET ENGG. WORKS,22,22
153,BALJEET KRISHI YANTRA,3,3
154,BANKU BODY BUILDER,8,8
155,"BASUDEB ENGINEERING, CUTTACK",31,31
156,BATTRE ELECTRIC MOBLITY PVT LTD,896,896
157,"BAUTI ENGINEERING,NAYAGARH",7,7
158,BEML LIMITED,4,4
159,BENLING INDIA ENERGY AND TECHNOLOGY PVT LTD,"11,018","11,018"
160,BENTINCK INDUSTRIES PVT. LTD.,327,327
161,BENTLEY MOTORS LIMITED,36,36
162,BEST WAY AGENCIES PVT LTD,"5,883","5,883"
163,BESTWAY AGENCIES PVT LTD,170,170
164,BESTWAY BANARASH,8,8
165,BGAUSS AUTO PRIVATE LIMITED,"4,147","4,147"
166,BHADAURIA ENTERPRISES,12,12
167,BHAGWAN AGRO INDUSTRIES,41,41
168,BHAGYALAXMI TRAILER,4,4
169,BHARATH AGRO PRODUCTS,7,7
170,BHARATH ENGINEERING WORKS,17,17
171,BHARAT MANUFACTURING & ASSEMBLING E RIKSHA,2,2
172,BHARAT MOTORS,4,4
173,BHARAT PUMP COMP. LTD,1,1
174,BHAVE ELECTRIC VEHICLES PVT LTD,"1,893","1,893"
175,BHM INDUSTRIES,"1,139","1,139"
176,BHOYAR AGRO IND WARDHA,59,59
177,BIDISHA ENTERPRISES PVT LTD,20,20
178,BIG BULL TRADER PVT LTD,312,312
179,BIJNOR ENTERPRISES,91,91
180,BISWAKARMA ENGINEERING,1,1
181,BLIX CYCLES AND E-VEHICLES PVT LTD,73,73
182,BLUE ENERGY COMMERCIAL VEHICLES PVT. LTD.,56,56
183,BMW INDIA PVT LTD,"18,245","18,245"
184,BOOMA INNOVATIVE TRANSPORT SULUTIONS PVT LTD,255,255
185,BOUNCE ELECTRIC 1 PVT LTD,"5,814","5,814"
186,BRIGHT AUTOZONE PVT LTD,"3,682","3,682"
187,BRIGHT METAL WORKS,29,29
188,B R INDUSTRIES,3,3
189,BSA MOTORS,27,27
190,BSMS AGRICULTURE WORKSHOP,36,36
191,BULL MACHINES PVT LTD,715,715
192,BYD INDIA PRIVATE LIMITED,"1,278","1,278"
193,CAPITAL AUTO INDUSTRIES,"1,703","1,703"
194,CAPTAIN TRACTORS PVT. LTD.,"3,451","3,451"
195,CARGOTEC INDIA PVT LTD,2,2
196,CART INDIA,12,12
197,CASE EQUIPMENT PRIVATE LTD,24,24
198,CASE NEW HOLLAND CONSTRUCTION EQUIPMENT(I) PVT LTD,"2,906","2,906"
199,CATERPILLAR INDIA PRIVATE LIMITED,"1,842","1,842"
200,CEEON INDIA,487,487
201,CELLETRON MOTOR WORKS,11,11
202,CHAANY AGRO INDUSTRIES,8,8
203,CHAMPION POLY PLAST,"14,514","14,514"
204,CHANDANA CORPORATION,492,492
205,CHANGZHOU YEFEND VEHICLE CO,2,2
206,CHANNY AGRO INDUSTRIES,11,11
207,CHARUVIKRAM AUTOMOBILE PVT LTD,8,8
208,CHAUHAN AUTO INDUSTRIES,471,471
209,CHEHAK BATTERIES,249,249
210,CHETAK TECHNOLOGY LIMITED,"4,292","4,292"
211,CHEVROLET SALES INDIA PVT LTD,2,2
212,CHONGQING CHARMING (IMPORTER: AYAAN ELECTRONICS).,1,1
213,CHRYSLER MOTORS PVT LTD,2,2
214,CITADEL ENTERPRISES(OPC) PVT LTD,39,39
215,CITYGREEN AUTO & PETRO CHEMICALS (P) LTD,846,846
216,CIVIMEC ENGINEERING PVT LTD,4,4
217,CLAAS INDIA P LTD,124,124
218,CLASSIC LEGENDS PVT LTD,"40,804","40,804"
219,C M OVERSEAS,32,32
220,CNH INDUSTRIAL (INDIA) PVT LTD,"30,168","30,168"
221,COMETTO TRAILER,1,1
222,CONMAT HEAVY INDUSTRIES PVT LTD,80,80
223,CONTINENTAL ENGINES PVT LTD,"5,675","5,675"
224,CRANE KRAFT INDIA PRIVATE LIMITED,109,109
225,CYRUS AUTO INDUSTRIES PVT LTD,48,48
226,DADGURU TRAILORS AND ENGINEERING WORKS,3,3
227,DAIMLER AG,9,9
228,DAIMLER INDIA COMMERCIAL VEHICLES PVT. LTD,"17,138","17,138"
229,DAKSH INDUSTRIES,"3,644","3,644"
230,DALIAN FORKLIFT CO.,4,4
231,DALIP SINGH & SONS,29,29
232,DAO EVTECH PRIVATE LIMITED,174,174
233,DASHMESH MECH WORKS PVT LTD,12,12
234,DASHMESH TRADERS,100,100
235,DASMESH AGRICULTURAL INDUSTRIES PVT LTD,7,7
236,DASMESH AGRICULTURE WORKS,36,36
237,DASMESH MECHANICAL WORKS PVT.LTD,425,425
238,DAVE EXIM PVT LTD,238,238
239,DD AUTO PVT LTD,13,13
240,DEEP DRAWN TECHNOLOGIES,4,4
241,DEEP JYOTI ENG PVT LTD,1,1
242,"DEEPTI ENGINEERING AND IRON AND STEEL INDUSTRY, MALKANGIRI",13,13
243,DE EUSI MOTORS PVT LTD.,905,905
244,DELTA AUTOCORP LTD,"1,638","1,638"
245,DELTEK ENTERPRISES PVT LTD,1,1
246,DEMAG AC 300,1,1
247,DEMAG DEMAG HC 340,12,12
248,DEMAGE MOTORS LTD,2,2
249,DEV AGRO INDUSTRIES,11,11
250,DEVANGI ENG..,153,153
251,DEV ENGINEERING WORKS,95,95
252,DEVI ENGINEERING WORKS,6,6
253,DEWAN AGRICULTURE WORKS,8,8
254,DHANALAKSHMI ENGINEERING WORKS,19,19
255,DHANAVENKAT ENGG.WORKS,8,8
256,DHANNLAXMI AUTOWORKS,2,2
257,DHAR IN PVT LTD,9,9
258,DHAR INTERNATIONAL,78,78
259,DHARMRAJ AGRO IND.,3,3
260,DHIMAN AGRICULTURAL WORKS,3,3
261,DHIMAN AGRICULTURE,17,17
262,DHIMAN AGRICULTURE WORKS,5,5
263,DHIMAN AGRO INDUSTRIES,7,7
264,DHIMAN BROTHERS,1,1
265,"DIAMOND ENGG,CTC",28,28
266,DIAMOND E VEHICLES,444,444
267,DILLI ELECTRIC AUTO PVT LTD,"16,964","16,964"
268,DIVANSU AUTOMOBILES LTD,164,164
269,DIVYA ENTERPRISES,891,891
270,D K DIESELS PVT LTD,6,6
271,DODGE MOTORS,1,1
272,DODIYA AGRO WORKS,1,1
273,DOOSAN BOBCAT INDIA PVT LTD,564,564
274,DSF INDUSTRIES PVT LTD,20,20
275,D S INDUSTRIES,49,49
276,DSK MOTOWHEELS PVT LTD.,1,1
277,DUCATI INDIA PVT LTD,349,349
278,DUCATI MOTOR HOLDING S.P.A,2,2
279,DUKE AUTO INDIA,707,707
280,DULEVO INDIA PVT LTD,15,15
281,"DURGA AGRO ENGG,BALASORE",37,37
282,DURGA AGRO WORKS,1,1
283,"DURGA&DURGA ENGG WORKS,BHMPUR",5,5
284,"DURGA & DURGA ENG WORKS, HALADIAPADAR, GANJAM",4,4
285,DURGA ENGINEERING WORKS,37,37
286,DURGA TRACTORS PVT LTD,1,1
287,"DWARI ENGG WORKS,SAMBALPUR",6,6
288,DYNAPAC COMPACTION EQUIPMENT,1,1
289,DYNAPAC ROAD CONSTRUCTION EQUIPMENT INDIA PVT LTD,98,98
290,DYNAVOLT TECHNOLOGY INDIA LTD,9,9
291,DYS IMPEX PRIVATE LIMITED,416,416
292,E-ASHWA AUTOMOTIVE PVT LTD,163,163
293,EBUZZ MOBILITY LLP,2,2
294,ECO DYNAAMIC EQUIPMENTS,70,70
295,ECO-FRIENDLY ELECTRIC VEHICLE PVT LTD,12,12
296,ECO FUEL SYSTEMS (I) PVT LTD,689,689
297,ECO SMART VEHICLES PVT LTD,587,587
298,ECOYAN ELECTRIC MOTOR VEHICLES PVT LTD,4,4
299,EDMRC MANNSCHAFT LLP,64,64
300,EEVEE ENGINEERING PVT LTD,14,14
301,EFEV CHARGING SOLUTION PVT LTD,141,141
302,E-GURU AUTO ENERGY,32,32
303,EICHER MOTORS LTD,53,53
304,EICHER TRACTORS,"53,112","53,112"
305,EIMCO ELECON,12,12
306,ELECTRA INTERNATIONAL,3,3
307,ELECTRECA VEHICLES,102,102
308,ELECTRIC ALLIANCE(IMPORTER: ELLYSIUM AUTOMOTIVES),2,2
309,ELECTROTHERM (INDIA) LIMITED,7,7
310,ELEPHANTA INDUSTRIES PVT LTD,45,45
311,ELGIN SWEEPER CO USA,2,2
312,ELITE AUTO ENGINEERS PVT LTD,683,683
313,ELSA CONCRETING MACHINERY INDIA PVT LTD,9,9
314,ELTHOR ENERGY PRIVATE LIMITED,657,657
315,E-MOTION AUTOMOTIVE INDUSTRY LLP,427,427
316,ENERGY ELECTRIC VEHICLES,"7,254","7,254"
317,ENGTIAN ELECTRIC BIKE PVT LTD,258,258
318,ENTICE IMPEX PVT LTD,216,216
319,EPOWER VEHICLES PVT LTD,45,45
320,E ROYCE MOTORS INDIA PVT LTD,"1,186","1,186"
321,ESCORTS CONSTRUCTION EQUIPMENT LTD,"7,912","7,912"
322,ESCORTS KUBOTA LIMITED (AGRI MACHINERY GROUP),"79,625","79,625"
323,ESCORTS KUBOTA LIMITED (CONSTRUCTION EQUIPMENT),"3,718","3,718"
324,ESCORTS LTD,1,1
325,ESCORTS R&D CENTRE,18,18
326,ESCORTS TRACTORS LTD,4,4
327,ESSAR ENGINEERING,39,39
328,ESSAR ENGINEERING MAYURBHANJ BARIPADA,1,1
329,ETRIO AUTOMOBILES PVT LTD,189,189
330,EULER MOTORS PVT LTD,883,883
331,EVAGE AUTOMOTIVE PVT LTD,3,3
332,EVBHARAT RANGE PRIVATE LIMITED,19,19
333,EVCO AUTOMOBILES PVT LTD,57,57
334,EVEX AUTO INDIA PVT LTD,281,281
335,EVTRIC MOTORS PVT LTD,307,307
336,EXERVAL PVT LTD,153,153
337,EXIDE INDUSTRIES LTD,"1,428","1,428"
338,EXTRA FAST SOLUTIONS,410,410
339,EXTREME MOTORS,212,212
340,FAIYAZA FAIYAZ AUTO PVT,1,1
341,"FARMER TRACTOR, METODA G.I.D.C.",3,3
342,FARMTECH AGRO INDUSTRIES,6,6
343,FCA INDIA AUTOMOBILES PRIVATE LIMITED,"11,838","11,838"
344,FEDE INDUSTRIES PVT LTD,536,536
345,FERRARI INDIA PRIVATE LIMITED,16,16
346,FERRARI SPA,17,17
347,FIADO INDUSTRIES PVT LTD,23,23
348,FIELDTRACK EARTHMOVERS PVT LTD,39,39
349,FINE EQUIPMENTS INDIA PVT LTD,1,1
350,FIRST CHOICE ELECTRIC VEHICLES PVT LTD,415,415
351,FITWEL MOBILITY PVT LTD,30,30
352,FIVE ELEMENTS,48,48
353,FORCE MOTORS LIMITED,"22,425","22,425"
354,FORD INDIA PVT LTD,134,134
355,FRIENDS AGRO INDUSTRIES,13,13
356,GAHIR AGRICULTURAL INDUSTRIES,23,23
357,GAIA INTERNATIONAL (IMPORTER: NEW ENERGY WAGON),1,1
358,GAMZEN PLAST PVT LTD,6,6
359,GANESH AGRO INDUSTRIES,300,300
360,GAURI AUTO INDIA PVT. LTD,9,9
361,GAUTAM AGRO INDUSTRIES,16,16
362,GAYATRI AGRO INDUSTRIES,2,2
363,GAYATRI ELECTRIC VEHICLES PVT LTD,"2,491","2,491"
364,GENERAL MOTORS INDIA PVT LTD,9,9
365,G & G AUTOMOTIVE,849,849
366,GIAN AGRO INDUSTRIES,15,15
367,GILL AGRICULTURE WORKS,47,47
368,GILL AGROTECH,36,36
369,GILL MECHANICAL WORKS,2,2
370,GILL PREET AGRO INDUSTRIES,2,2
371,GILLPREETAGRO INDUSTRIES,18,18
372,GKON ELECTRIC MOTOR VEHICLES PVT LTD,921,921
373,G.K. RICKSHAW PVT LTD,"4,346","4,346"
374,G. M. VEHICLE INDUSTRIES,9,9
375,GOBIND AGRO INDUSTRIES,85,85
376,GOBIND INDUSTRIES PVT LTD,13,13
377,GOBIND MOTOR GARAGE,31,31
378,GODAWARI ELECTRIC MOTORS PVT LTD,9,9
379,GODAWARI TECHNO SOLUTIONS PVT LTD,70,70
380,GODREJ AND BOYCE MFG CO LTD,18,18
381,GODREJ & BOYCE MFG. CO. LTD,179,179
382,GOENKA ELECTRIC MOTOR VEHICLES PVT LTD,659,659
383,GO GREEN EOT (ENERGY OF THINGS) PVT LTD,3,3
384,GOLD HOFER,13,13
385,GOODWILL HI PRECISION WORKS PVT LTD,15,15
386,"GOPAL AGRO AGENCY,HALADIAPADAR,BERHAMPUR,GANJAM",33,33
387,GOPAL AUTO MOTORS PVT LTD,"1,195","1,195"
388,GOPAL ENGG. WORKS,5,5
389,"GOPAL ENGINEERING, BALASORE",7,7
390,GOREEN E-MOBILITY PVT LTD,"4,830","4,830"
391,GOVIND MOTOR GARRAGE,16,16
392,GOYAL AGRO INDUSTRIES,3,3
393,G.R. AGRO INDUSTRIES,1,1
394,GRAM TARANG EMPLOYABILITY TRAINNING SERVICES P LTD,62,62
395,GRD MOTORS,"2,334","2,334"
396,GREAVES ELECTRIC MOBILITY PVT LTD,"1,032","1,032"
397,GREEN EVOLVE PVT LTD,89,89
398,GREEN IMPEX,230,230
399,GREEN KAIKETSU AUTOMATIVE IND,1,1
400,GREEN KAIKETSU AUTOMOTIVE INDIA PVT LTD,3,3
401,GREEN SHUTTLE TECHNOLOGY PVT LTD,35,35
402,GREEN STAR MOTORS,118,118
403,GREENTECH AUTO LLP,6,6
404,GREEN TECHNOLOGIES,53,53
405,GREEN VALLEY MOTORS,14,14
406,GREEN WAY ECO RIDE,1,1
407,GREENWHEELS AUTOMOBILE PVT LTD,936,936
408,GROMAX AGRI EQUIPMENT LTD,"3,108","3,108"
409,GROVE INDIA PVT LTD,35,35
410,GUANGDONG TAYO (IMPORTER: ADISHWAR AUTO),17,17
411,GUJARAT NARMADA AUTO LTD,8,8
412,GURDEEP AGRO  INDUSTRIES,11,11
413,GURDEEP ENGINEERING WORKS,28,28
414,GURJEET COMBINE,16,16
415,GURM AGRICULTURE WORKS,19,19
416,GURMUKH AGRO INDUSTRIES,23,23
417,GURU JI WHEELS,109,109
418,GURUKIRPA INDUSTRIES,66,66
419,GURUKRAPA ENGINEERING WORKS,30,30
420,GURU NANAK AGRICULTURE IMPLEMENTS,4,4
421,GURU NANAK AGRI ENGG WORKS,335,335
422,GURU NANAK AGRI WORKS,37,37
423,GURU NANAK AGRO INDUSTRIES,28,28
424,GURU RAMDAS AGROTECH,11,11
425,HAARISH AUTOMOTIVES (OPC) PRIVATE LIMITED,19,19
426,HAMM AG,80,80
427,HANUMAN UDYOG,1,1
428,HARDEV AGRO TECH,9,9
429,HARJEET AGRO INDUSTRIES,128,128
430,HARLEY DAVIDSON (IMPORTER: HERO MOTOCORP),326,326
431,HARMEET AGRICULTURE WORKS,67,67
432,HARSH TRADING CO,27,27
433,H-D MOTOR COMPANY INDIA PVT LTD,22,22
434,HEMAVATHI AGRO INDUSTRIES,47,47
435,HERO ELECTRIC VEHICLE PVT LTD,"1,270","1,270"
436,HERO ELECTRIC VEHICLES PVT. LTD,"88,612","88,612"
437,HERO HONDA MOTORS  LTD,65,65
438,HERO MOTOCORP LTD,"51,43,050","51,43,050"
439,HIGHWAY ENGING WORKS,47,47
440,HILLMAN MOTORS LTD,2,2
441,HIMANI AGRO INDUSTRIES,23,23
442,HIM TEKNOFORGE LTD,540,540
443,HIND AGRO INDUSTRIES,43,43
444,HINDUSTAN AGRO INDUSTRIES,3,3
445,HINDUSTAN MOTOR CORPORATION,"1,222","1,222"
446,HINDUSTAN MOTOR FINANCE CORPORATION LIMITED,65,65
447,"HINDUSTHAN TECHNOLOGIES PVT LTD, CUTTACK",68,68
448,HIRA AGRO INDUSTRIES,126,126
449,"HIRAKUD MOTORS, SAMBALPUR",1,1
450,HITECH ELECTRIC AUTO CO,2,2
451,HITECH ENGINEERING LTD,63,63
452,HI-TECH INDUSTRIES,253,253
453,HITECH  MECHANICAL WORKS,2,2
454,HITEK ELECTRIC AUTO CO,4,4
455,HITENDRA WELDING WORKS,44,44
456,H M G ENGINEERING WORKS,9,9
457,HMT LIMITED,3,3
458,H NONGRUM,1,1
459,HOLLAND TRACTORS PVT LTD,5,5
460,HONDA CARS INDIA LTD,"84,159","84,159"
461,HONDA MOTORCYCLE AND SCOOTER INDIA (P) LTD,"39,74,614","39,74,614"
462,HONGKONG YIXING (IMPORTER: ADMS MARKETING),25,25
463,HONGKONG YIXING (IMPORTER: VICTORY ELECTRIC),4,4
464,HOOGHLY MOTORS PVT LTD,"2,752","2,752"
465,HOP ELECTRIC MOBILITY PVT LTD,41,41
466,HOP MOTORS PVT LTD,372,372
467,HOSHIAR NIRVAIR TRACTORS PVT LTD,7,7
468,HOTAGE INDIA,"6,004","6,004"
469,HOUSTAN INNOVATION LLP,40,40
470,HOVEL CYLINDER PVT LTD,37,37
471,H R AGRO INDUSTRIES,36,36
472,HUNDAL INDUSTRIES,924,924
473,HYKON INDIA LTD,294,294
474,HYUNDAI MOTOR INDIA LTD,"5,27,376","5,27,376"
475,"HYUNDAI MOTORS LTD, SOUTH KOREA",35,35
476,INDERPREET AGRO INDUSTRIES,18,18
477,INDIA KAWASAKI MOTORS PVT LTD,"3,309","3,309"
478,INDIAN MOTORS,"1,376","1,376"
479,INDIA SAFE ENTERPRISE,27,27
480,INDIA YAMAHA MOTOR PVT LTD,"5,56,308","5,56,308"
481,INDICON AGRO INDUSTRIES LLP,3,3
482,INDITAL CONSTRUCTION MACHINERY,5,5
483,INDO FARM EQUIPMENT LIMITED,"3,957","3,957"
484,INDRA TRAILORS,1,1
485,INDUS ELECTROTHERM INDIA LTD,14,14
486,INTERNATIONAL CARS & MOTORS LIMITED,27,27
487,INTERNATIONAL TRACTORS LIMITED,"97,806","97,806"
488,INVVIGORS INDIA,16,16
489,IPRA AGRO LTD,1,1
490,IRA EDUTECH PVT LTD,79,79
491,ISHWAR FARMLINE EQUIPMENTS PRIVATE LIMITED,75,75
492,ISHWAR FARMLINE EQUIPMENTS PVT LTD,16,16
493,ISUKII GREENS PVT LTD,2,2
494,ISUZU MOTORS INDIA PVT LTD,"1,946","1,946"
495,IVOOMI INNOVATION PVT LTD,"1,111","1,111"
496,IZANAU ELECTRIC LLP,37,37
497,JADE KOREA SPINE LIFE,44,44
498,JADHAV AGRO INDUSTRIES PVT. LTD.,32,32
499,JAGADAMBA TRAILER,5,5
500,"JAGANATH AGRL IMPLEMENTS,BOUDH",1,1
501,JAGDISH ENGINEERING WORKSHOP,2,2
502,JAGMOHAN ALLIED AUTO IND.PVT.LTD.     ,2,2
503,JAGUAR LAND ROVER INDIA LIMITED,"2,073","2,073"
504,JAI AMBE FABRICATION & ENGINEERING WORK,7,7
505,JAI BHAVANI ENGINEERING  WORKS,302,302
506,JAI BHAVANI INDUSTRIES,4,4
507,JAIDKA POWER SYSTEMS PVT LTD,626,626
508,JAI DURGA TRAILERS,1,1
509,JAIN POWER CORP,91,91
510,JAISIK BUSINESS LINKS PVT LTD,238,238
511,JAI SRI RAM ELECTRIC VEHICLE MANUFACTURING PVT LTD,38,38
512,JAJODIA COMMODITIES PVT LTD,443,443
513,JAL ENTERPRISES,12,12
514,JANTA AGRICULTURE WORKS,23,23
515,JANTA SUPER TRAILOR,4,4
516,JAVA MOTORS LTD,1,1
517,JAYADRI STEEL INDUSTRIES,2,2
518,JAY AGRO INDUSTRIES,54,54
519,JAY BHART TRAILOR SERVICES,1,1
520,JAY BHAVANI TRAILOR,40,40
521,JAYDEV ENTERPRISE,8,8
522,JAY JANARDAN TRAILOR,10,10
523,JAY JANARDHAN A.T EQUIPMENTS,1,1
524,JAY SHREE BALAJI ENG WORKS,1,1
525,JBM AUTO LIMITED,376,376
526,J.C. BAMFORD EXCAVATORS LIMITED,4,4
527,JCB INDIA LIMITED,"28,694","28,694"
528,JCB INDIA LTD,"1,266","1,266"
529,JEEP CHEROKEE,2,2
530,JEET AGRO INDUSTRIES,15,15
531,JESSUN TECHNO PVT LTD,152,152
532,JIANGSU AIMA (IMPORTER: QUANTUM ENERGY),119,119
533,JIANGSU DALONG (IMPORTER: ENGTIAN ELECTRIC),3,3
534,JIANGSU DALONG (IMPORTER:TYLOS ELECTRIC VEHICLES),6,6
535,JIANGSU GUOWEI (IMPORTER: REVEAL ELECTRIC),1,1
536,JIANGSU SUNHOU (IMPORTER: SABOO TOR),4,4
537,JIANGSU XINRI E-VEHICLE(IMPORTER SWIFT CUR.TECH.),63,63
538,JIANGSU XINRI (IMPORTER: NISIKI TECHNOLOGIES),12,12
539,JIANGSU ZHEENAIDA (IMPORTER: KLB GLOBAL),802,802
540,JINING HENGWANG CONSTRUCTION MACHINERY CO. LTD,1,1
541,JITENDRA NEW EV-TECH PVT. LTD,"8,626","8,626"
542,JITENDRA TEMPO PARTS,670,670
543,JIWAN AGRICULTURAL IMPLEMENTS WORKSHOP CIS LTD,11,11
544,JIWAN AGRI IMPLEMENTS WORKSHOP,1,1
545,J K AGRO INDUSTRIES,26,26
546,J K AMO-PAPERS & CO,1,1
547,JOHN DEERE INDIA PVT LTD(CROP SOLUTION DIV),66,66
548,JOHN DEERE INDIA  PVT LTD(TRACTOR DEVISION),"65,419","65,419"
549,JOHNSON TRACTORS & MOTORS PVT. LTD.,1,1
550,JOYRAM STEEL FABRICATION WORKS,9,9
551,J P AUTO TECH,95,95
552,JP INDUSTRIES,6,6
553,J S AGRO INDUSTRIES,92,92
554,J. S. AUTO (P) LTD,"9,443","9,443"
555,J S MOBILEON PVT LTD,13,13
556,JS MOBILEON PVT LTD,530,530
557,JSW MG MOTOR INDIA PVT LTD,"41,865","41,865"
558,JUNENG MOTORCYCLE (IMPORTER: ADMS MARKETING),32,32
559,JUNENG MOTORCYCLE (IMPORTER: ISCOOT MOTERS),73,73
560,JUNENG MOTORCYCLE TECH. (IMPORTER: DELTA AUTOCORP),3,3
561,KABIRA MOBILITY LLP,179,179
562,KABMAX ELECTRIC AUTOMOBILES PVT. LTD,400,400
563,KAINING (HONGKONG) (IMPORTER: ENIGMA AUTOMOBILES),4,4
564,KALIKA VAHAN PVT LTD,2,2
565,"KALINGA AGRO INDUSTRIES ,PIPILI,PURI.",4,4
566,KALINGA VENTURES INDIA PVT LTD,99,99
567,KALMER INDUSTRIES,4,4
568,KALPVRIKSH ELECTOMOBILES CO,143,143
569,KALYANI AGRO IMPLIMENTS,5,5
570,KAMAL AGRO INDUSTRIES,3,3
571,KAMAZ INDUSTRIES,92,92
572,KAPTECH INDIA PVT LTD,"1,544","1,544"
573,KARBRO AGRO TECH,2,2
574,KARMA MECHANICAL WORKS,28,28
575,KARTAR AGRO INDUSTRIES PVT LTD,"1,212","1,212"
576,KARTAR TRACTORS PRIVATE LIMITED,95,95
577,KAWASAKI HEAVY INDUSTRIES LTD,5,5
578,KCAS ELECTRIC VEHICLES PVT LTD,91,91
579,K D AGRO INDUSTRIES,21,21
580,KERALA AUTOMOBILES LIMITED,45,45
581,KESAR ROAD EQUIPMENTS(I) PVT LTD,1,1
582,KETO MOTORS PVT LTD,238,238
583,KGN,395,395
584,KGN INDUSTRIES,153,153
585,"KHAGESWAR AUTO BUILD WORKS,HALADIAPADAR,BERHAMPUR,GANJAM",22,22
586,KHALSA  AGRO INDUSTRIES,51,51
587,KHALSAE-VEHICLES PVT LTD,"4,564","4,564"
588,KHAN ENGINEERING WORKS,31,31
589,KHEMRAJ AUTOMOTIVE INDUSTRIES,2,2
590,KHUSHI AGRO ENGINEERING,8,8
591,KIA INDIA PRIVATE LIMITED,"2,35,464","2,35,464"
592,KIA MOTORS CORPN,2,2
593,KINETIC GREEN ENERGY & POWER SOLUTIONS LTD,"9,159","9,159"
594,KINETIC GREEN ENERGY P SOL LTD,375,375
595,KINETIC MOTOR COMPANY LIMITED,1,1
596,KION BAOLI (JIANGSU) FORKLIFT CO.LTD,1,1
597,KION INDIA PVT LTD,782,782
598,KIRAN AUTOMOBILE INDUSTRY,31,31
599,KIRTI SOLAR LTD,47,47
600,KISAN ENGINEERING,8,8
601,KISAN ENGINEERING WORKS,50,50
602,KISSAN AGRO INDUSTRIES,20,20
603,KISSNA ENGG WORKS,7,7
604,KK INDUSTRIES,1,1
605,KLB KOMAKI PVT LTD,"3,798","3,798"
606,KOBELCO LTD.,3,3
607,KOMATSU INDIA PRIVATE LIMITED,1,1
608,KOMATSU LTD JAPAN,14,14
609,KONE CRANE SWEDEN,1,1
610,KPT INDUSTRIES LTD,9,9
611,KPT MOTORS,23,23
612,KRISHI ENGINEERING WORKS,3,3
613,KRISHNA AGRO ENGI,25,25
614,KRISHNA ENGINEERING WORKS,691,691
615,KRISHNA INDUSTRIES,57,57
616,KRISHNA VEHICALS,269,269
617,KRUP P,2,2
618,KRUSHI KISAN TRAILORS,2,2
619,K S AGRICULTURAL  INDUSTRIES,5,5
620,K.S. AGRICULTURAL INDUSTRIES PVT. LTD,190,190
621,K.S. AGROTECH  PVT LTD,73,73
622,K T ENTERPRISES,279,279
623,KTM MOTORRAD AG,1,1
624,KUBOTA AGRICULTURAL MACHINERY INDIA PVT.LTD.,"20,771","20,771"
625,KUKU AUTOMOTIVES,385,385
626,KULAR AGRO WORKS,39,39
627,KUMARAN ENGINEERING ENTERPRISES,7,7
628,KUMAR ENGINEERING,"1,484","1,484"
629,KUSHAL AGRO IND,1,1
630,K. V. INDUSTRIES,16,16
631,KYTE ENERGY PVT. LTD.,82,82
632,LAKSHMI AUTO TRADERS,9,9
633,LAKSHMI MOTORS,8,8
634,LAKSHYA AUTO SALES CORPORATION,167,167
635,LAKSHYA MOTORS,9,9
636,LAL AGRO INDUSTRIES,4,4
637,LAL CHAND AGRICULTURE WORKS,9,9
638,LAMBORGHINI,2,2
639,LAWAT MOTORS LLP,341,341
640,LAXMI ENGINEERING WORKS,8,8
641,LAXMI E-RICKSHAW COMPANY,4,4
642,"LAXMI GOBINDA AGRO IND,BLS",16,16
643,L B AGRO PRODUCTS,83,83
644,LECTRIX E VEHICLES PVT LTD,"8,111","8,111"
645,LEEBOY INDIA,1,1
646,LIEBHERR,21,21
647,LIEBHERR INDIA PVT LTD,32,32
648,LINDE,1,1
649,LIUGONG INDIA PVT. LTD,730,730
650,LIUGONG IND PVT LTD,15,15
651,LML LIMITED,4,4
652,LOCAL TRAILER MANUFACTURER,"46,698","46,698"
653,LOHIA AUTO INDUSTRIES,"1,716","1,716"
654,LOHIA AUTO INDUSTRIES LTD.,209,209
655,LORDS VEHICLE MFG PVT LTD,147,147
656,LOTAY AGRO TECH,10,10
657,LOTEY AGRICULTURE WORKS,15,15
658,LOTEY INDUSTRY,4,4
659,LOTUS CARS,1,1
660,LOVEJEET AGRO INDUSTRY,37,37
661,L & T CASE EQUIPMENT PVT LTD,37,37
662,L&T CONSTRUCTION EQUIPMENT LIMITED,336,336
663,L&T CONSTRUCTION MACHINERY LIMITED,1,1
664,M2GO ELECTRIC VEHICLE PVT LTD,5,5
665,M2J E VAHAN PVT LTD,32,32
666,MAA ADISHAKTI ENGINEERING,5,5
667,MAA ENGINEERING TRAILOR,124,124
668,MAA JAGADHATRI ENGINEERING WORKS,1,1
669,MAA KALPANA ENTERPRISE,32,32
670,MAA LUXMI E-VEHICLES PVT. LTD.,21,21
671,"MAA MANGALA ENGG,CTC",8,8
672,"MAA MANGALA ENTERPRISES,SNG",21,21
673,"MAA MANGALA MOTORS & ENGG,RKL",23,23
674,MAA SANTOSHI ENGG  KALAHANDI,3,3
675,MAA SHAKTI EXIM PVT LTD,"3,007","3,007"
676,MAA TARINI ENGINEERING,33,33
677,MAC AUTO INDIA,314,314
678,MAC INTERNATIONAL (IMPORTER: SEEKA E MOTORS),2,2
679,MACNEILL ENGINEERING LIMITED,1,1
680,MACONS EQUIPMENTS PVT LTD,12,12
681,MADHO AGRO INDUSTRY,3,3
682,MADHU AUTOMOBILES LTD,20,20
683,"MADHUSUDAN ENG.WORKS,NIMAPADA",1,1
684,MAHABIR INDUSTRIES,20,20
685,MAHAVIR AGRO EQUIPMENTS,3,3
686,MAHAVIR TRACTOR AND IMPLEMENTS,47,47
687,MAHESH ENGINEERING WORKS,7,7
688,MAHI ENTERPRISES,101,101
689,MAHINDRA DEFENCE SYSTEMS LTD,35,35
690,MAHINDRA ELECTRIC MOBILITY LIMITED,"17,399","17,399"
691,MAHINDRA GUJARAT TRACTOR LIMITED,8,8
692,MAHINDRA & MAHINDRA LIMITED,"6,01,695","6,01,695"
693,MAHINDRA & MAHINDRA LIMITED (SWARAJ DIVISION),"1,28,772","1,28,772"
694,MAHINDRA & MAHINDRA LIMITED (TRACTOR),"1,76,855","1,76,855"
695,MAHINDRA & MAHINDRA LTD FARM MACHINERY DIVISION,13,13
696,MAHINDRA TWO WHEELERS LTD,7,7
697,MAHINDRA VEHICLE MANUFACTURER LIMITED,2,2
698,MAHTAB BODY MAKER,292,292
699,MAJESTIC AUTO LTD,1,1
700,MALI ENTERPRISES PVT LTD,109,109
701,MALIK ENGINEERING WORKS,11,11
702,MALKIT AGRO TECH PVT. LTD,543,543
703,MANISH EV INTERNATIONAL PRIVATE LIMITED,233,233
704,MANITA CITY MOTORS LLP,"1,043","1,043"
705,MANITOU EQUIPMENT INDIA PVT LTD,403,403
706,MANITOWOC INDIA LIMITED,1,1
707,MANJIT AGRO WORKS,2,2
708,MANKU AGRO TECH PVT LTD,"1,495","1,495"
709,MANKU AGRO TECH. PVT. LTD.,31,31
710,MANMOHAN KAUR,39,39
711,MANPREET AGRO INDUSTIRES NABHA,1,1
712,MANPREET AGRO INDUSTRIES,17,17
713,MAN TRUCKS INDIA PVT. LTD.,3,3
714,MARATHWADA KRUSHI UDYOG,1,1
715,MARATHWADA QUALITY TRAILER,65,65
716,MARINE NAVAIDS & SOLAR AUTO PVT LTD,14,14
717,MARKUS,5,5
718,MARSHAL TRACTOR & FARM EQUIPMENTS,1,1
719,MARTHWADA TRALIOR,17,17
720,MARUTHISAN PVT LTD,120,120
721,MARUTI INDUSTRIES,2,2
722,MARUTI SUZUKI INDIA LTD,"15,31,862","15,31,862"
723,MARUTI UDYOG LTD,415,415
724,MASERATI S.P.A,23,23
725,MASSEY FERGUSON LTD,278,278
726,MATHAROO BROTHERS AGRO TECH PVT LTD,3,3
727,MATHARU AGRO TECH,2,2
728,MATHARU ENGINEERING AGRI WORKS,30,30
729,MATHARU ENGINEERING WORKS,25,25
730,MAULIRAJ INDUSTRIES LLP,2,2
731,"MAYUR ENTERPRISES,BARIPADA",52,52
732,MB AGRO INDUSTRIES,7,7
733,MCLAREN AUTOMOTIVE (IMPORTER: INFINITY CARS),11,11
734,MECPOWER MOBILITY PVT. LTD.,1,1
735,MEHAR AGRO ENGINEERING,6,6
736,MEHER FABRIC WORKS,5,5
737,MEHER TRAILERS PVT LTD,35,35
738,MERCEDES -BENZ AG,556,556
739,MERCEDES-BENZ INDIA PVT LTD,"13,883","13,883"
740,MEW ELECTRICALS LIMITED,"2,112","2,112"
741,MG AUTOMOTIVES (BUS & COACH) PVT LTD,2,2
742,M G INDUSTRIES,79,79
743,M H AGRICULTURE WORKS,16,16
744,MIC INDUSTRIES INC,3,3
745,MICROAUTOTECH PVT. LTD.,1,1
746,MINI METRO,412,412
747,MINI METRO EV L.L.P,"12,176","12,176"
748,MINSK TRACTOR (IMPORTER: ERISHA AGRITECH),20,20
749,MIRAKLE 5 AUTOMOBILES PVT LTD,45,45
750,MITSUBISHI MOTORS CORPORATION,6,6
751,M K BROTHERS,3,3
752,M.K. ENTERPRISES,531,531
753,MLR AUTO LTD,"1,334","1,334"
754,MLR MOTORS PVT LTD,2,2
755,MODERN  AGRO  INDUSTRIES,5,5
756,MOHAN GENERAL TRADING COMPANY,16,16
757,MOHIT INDUSTRIES,2,2
758,MONDAL TRADING,4,4
759,MOON AGRICULTURE & FABRICATION WORKS,3,3
760,MOTOROYALE KINETIC PRIVATE LIMITED,2,2
761,MOTRAC MOTORS PVT LTD,6,6
762,MOVE STONE SERVICES PVT LTD,"1,175","1,175"
763,M S AGRO INDUSTRIES,58,58
764,"M/S AJAY ENGINEERING WORKS EQUIPMENTS PVT LTD ,SAMBALPUR",31,31
765,M/S ASHOKA INDUSTRIES,22,22
766,M/S BHARAT TRAILERS,151,151
767,"M/S CHUDHURY ENGG. WORKS,BAMRA,SAMBALPUR",1,1
768,"M/S FARMAX EQUIPMENTS, SAMBALPUR",3,3
769,"M/S. GURUMAN ENTERPRISES, BHAWANIPATNA",1,1
770,M/S HOTA AGRO (TRAILER),13,13
771,M/S JASRAJ AUTO AGENCY,17,17
772,M/S KASTKAR AGRO INDUSTRIES,62,62
773,M/S KISHAN TRACTOR,2,2
774,M/S K K AGRO INDUSTRIES,24,24
775,M/S LAKSHMI ENGINEERING WORKS,4,4
776,M/S LOHIYA AGRO INDUSTRIES,14,14
777,M/S MAA MANGALA INDUSTRIES,58,58
778,M/S MAA MOTORS WORKSHOP,2,2
779,M/S NATIONAL STEEL AND WIRE PRODUCTS SAMBALPUR,4,4
780,M/S NELATARA FABRICATION,1,1
781,M/S NEW SHETKARI ENGINEERING WORK,46,46
782,M/S NEW SHIV SHAKTI TRAILORS,9,9
783,"M/S PATEL & SONS ENGINEERING WORKS,SAMBALPUR",11,11
784,M/S POWER TECH TECHNOLOGY,5,5
785,M/S RAM AGRO MACHINARY,36,36
786,M/S R.K. ENGINEERING WORKS,5,5
787,M/S SAI AUTO ENGINEERING WORKS,11,11
788,M/S. SANJUKTA AGRO MART,5,5
789,M/S SARANGI MOTROS,151,151
790,M/S SCHWING STETTER (INDIA) PRIVATE LIMITED,699,699
791,M/S-SHRADHA INDUSTRIES,21,21
792,M/S SHREE SHYAM AGRO PRODUCTS,6,6
793,M/S SHRI DATTA WELDING WORKS,4,4
794,M/S SHRIRAM AUTO TECH PVT LTD,"2,843","2,843"
795,M/S SHUBHADA ENTERPRISE,1,1
796,"M/S.SOURAV ENTERPRISES,BHAWANIPATNA",1,1
797,M/S SRI BALAKRISHNA FOUNDRY&MECH WORKS AP178701111,1,1
798,"M/S SRI LAKSHMI GANAPATHI ENG WORKS,EG AP514553750",1,1
799,M/S SRISHTI AUTOMOBILES,3,3
800,M/S S.S. AGRO INDUSTRIES,1,1
801,"M/S SUBHAM ENGINEERING WORKSHOP, BALIAPAL, BALASORE",52,52
802,M/S SUPERIOR MANUFACTURING COMPANY,38,38
803,"M/S. VENKAT ENGINEERING WORKS, JAIPATNA",10,10
804,M/S VISHNU CLEAN ENERGY VEHICLES LLP,14,14
805,M/S YOGIRAJ ENGINEERING COMPANY,3,3
806,MULTI DIMENSIONAL SOLUTIONS,3,3
807,MUNDE MECHANICAL WORKS,37,37
808,MV AGUSTA INDIA PVT LTD,1,1
809,MVM MOTORS PRIVATE LIMITED,1,1
810,MYTRAH MOBILITY PVT LTD,55,55
811,N0VA AUTOMOTIVE TECHNOLOGIES PVT. LTD,"2,497","2,497"
812,NABHKIRAN AGRO INDUSTRIES,8,8
813,NABH MOTORS PVT LTD,11,11
814,NABINA WELDING,1,1
815,"NAIK TROLLEY AND IMPL,SNG",357,357
816,"NAIK TROLLEY&IMPLS,BHEDABAHAL",8,8
817,NAMAH INDUSTRIES PVT LTD,2,2
818,NARENDRA INDUSTRIES,1,1
819,NARINDERA AGRO WORKS,18,18
820,NAZAR SINGH & SONS,20,20
821,NBC ENGINEERING PVT LTD,1,1
822,NDS ECO MOTORS PVT LTD,15,15
823,NEEDLE EYE PLASTIC INDUSTRIES PVT LTD,623,623
824,NEELAM CYCLE,13,13
825,NEELKANTH FABRICATORS PVT LTD,1,1
826,NEUON MOTORS LLP,6,6
827,NEW ARCANA INDIA,"1,449","1,449"
828,NEW DEVE AGRO WORKS,40,40
829,NEW DURGA ENGINEERING,10,10
830,NEW FRIENDS INDUSTRIES,3,3
831,NEW GAHIR AGRO INDUSTRIES,63,63
832,NEW GOLDEN AGRICULTURE,4,4
833,NEW GURDIAL AGRO INDUSTRIES,5,5
834,NEW GURDIAL AGRO INDUSTRIES PVT LTD,134,134
835,NEW HIND AGRO PVT LTD,18,18
836,NEW HOLLAND CONSTRUCTION EQUIPMENT(I) PVT.LTD.,15,15
837,NEW HOLLAND FIAT INDIA PVT. LTD.,809,809
838,NEW JANTA QUALITY TRAILOR,3,3
839,NEW KISAN ENGINEERING WORKS,9,9
840,NEW MALLIKARJUNA ENG WORKS,768,768
841,NEW MARTHWADA QUALITY TRAILOR,27,27
842,NEW SANGMESHWAR TRAILORS & ENGINEERING WORKS,1,1
843,NEW SUPER QUALITY TRAILOR,81,81
844,NEWTON INDIA INDUSTRIES PVT LTD,10,10
845,NGAGE WHEEL PVT LTD,3,3
846,NHD MOTORS,296,296
847,NIBE MOTORS PVT LTD,4,4
848,NIKHIL AGRO ENTERPRISE,2,2
849,NINGBO LONGJIA (IMPORTER: ADISHWAR AUTO),263,263
850,NIPUN SANYANTRA PVT LTD,544,544
851,NIRMAL BROTHER,44,44
852,NIRMAL UTILITY SERVICES PVT LTD,55,55
853,NISIKI TECHNOLOGIES PVT LTD,168,168
854,NISSAN MOTOR INDIA PVT LTD,"30,386","30,386"
855,N K INDUSTRIES,95,95
856,NRJ ELECTRIC MOTOR VEHICLES PVT LTD,"1,537","1,537"
857,N S AGRO WORKS,1,1
858,N.S. AGRO WORKS,29,29
859,NUMEROS MOTORS PVT LTD,457,457
860,ODYSSE ELECTRIC VEHICLES PVT LTD,291,291
861,OGATA MOTORS INDIA PVT LTD,158,158
862,OIL FIELD WAREHOUSE AND SERVICE LIMITED,3,3
863,OKAYA EV PVT LTD,"13,176","13,176"
864,OKINAWA AUTOTECH PVT LTD,"95,937","95,937"
865,OK PLAY INDIA LTD,88,88
866,OLA ELECTRIC TECHNOLOGIES PVT LTD,"1,52,805","1,52,805"
867,OLECTRA GREENTECH LTD,445,445
868,OM BALAJEE AUTOMOBILE ( INDIA) PVT. LTD,"3,243","3,243"
869,OM BALAJI AUTOMOBILES I P LTD,23,23
870,OMEGA CONSTRUCTION EQUIPMENT PVT LTD,23,23
871,OMEGA SALES & AGRO INDUSTRIES,126,126
872,OMEGA SEIKI PVT LTD,"3,504","3,504"
873,OMJAY EV LIMITED,178,178
874,OMKAR  INDUSTRIES,8,8
875,OM PACKAGING,14,14
876,OM RAJ AUTOTECH LLP,"1,116","1,116"
877,OM SHREE SAI ENGINEERING,91,91
878,"OM TRAILORES,LATUR",1,1
879,"OM VINAYAK INDUSTRIES,BGH",5,5
880,ORDINANCE FACTORY,115,115
881,OTHERS,"1,41,139","1,41,139"
882,OZOTEC AUTOMOBILE PRIVATE LIMITED,224,224
883,PAARTH SARTHI AUTOMOTIVE ENGINEERS PVT LTD,11,11
884,PACE AGRO PRIVATE LIMITED,50,50
885,PADMAVATI ENGINEERING WORKS,3,3
886,PANESAR AGRICULTURE INDUSTRIES,7,7
887,PANESAR AGRO TECH,78,78
888,PANKAJ ENGINEERING WORKS,1,1
889,PANTHER ELECTRIC VEHICLES,69,69
890,PARAG AGRO,7,7
891,PARAMOUNT AUTOMOTIVES,50,50
892,PARAS INDUSTRIES,"1,474","1,474"
893,PARDEEP AGRO INDUSTRIES,20,20
894,PARI E-VEHICLES,578,578
895,PARI METRO E RICKSHAW,802,802
896,PARVEEN AUTO,1,1
897,PASHUPATI VEHICLES PVT LTD,1,1
898,PATEL INDUSTRIES,7,7
899,PATS MOTOR CORP,22,22
900,PAUL INDUSTRIES,8,8
901,PAUNIYA TRACTORS AND FARM EQUIPMENT PVT LTD,6,6
902,PAVITHRA ENGINEERING WORKS,2,2
903,P B NATIONAL AGRICULTURE WORKS,2,2
904,PCA AUTOMOBILES INDIA PVT LTD,"5,991","5,991"
905,PEUGEOT LTD,1,1
906,PIAGGIO VEHICLES PVT LTD,"1,12,395","1,12,395"
907,PI BEAM LABS PRIVATE LIMITED,1,1
908,P KHARKONGOR STEEL FABRICATION,1,1
909,PLAUDIT TECHNO INDIA PVT LTD,18,18
910,P M DIESELS PVT LTD,88,88
911,PMI ELECTRO MOBILITY SOLUTIONS PRIVATE LIMITED,654,654
912,POLARIS INDIA PVT LTD,142,142
913,POLYHOSE INDIA PRIVATE LIMITED - C E DIVISION,3,3
914,POOJA INDUSTRIES,1,1
915,POOSHPAK AUTOMOBILES PVT LTD,5,5
916,PORFITEL TECHNOLOGY (IMPORTER: AERORIDE),81,81
917,PORSCHE AG,2,2
918,PORSCHE AG GERMANY,710,710
919,PRAAKARM AUTO & CONSTRUCTION EQUIPMENTS,55,55
920,PRABHA AUTOMOTIVE ENGINEERS PVT LTD,5,5
921,PRAGATI ENGINEERING,32,32
922,PRAG MOTORS,64,64
923,PRAKASH ENTERPRISES,48,48
924,PRAKASH METAL,6,6
925,PRAKASH TRAILER,33,33
926,PRASAD AGRICULTURAL PRODUCT,1,1
927,PRASAD AND PRASAD ENG,7,7
928,PREEET AGRO INDUSTRIES PVT LTD,36,36
929,PREET AGRO INDUSTRIES PVT LTD,703,703
930,PREET TRACTORS PVT LTD,"3,606","3,606"
931,PREET TRACTORS PVT. LTD.,141,141
932,PRIDE E-MOTORS,421,421
933,PRINCE AGRO WORKS,18,18
934,PRINCE ENGINEERING WORKS,1,1
935,PROPEL INDUSTRIES PVT. LTD.,2,2
936,PUBANG ETRON ELECTRIC MOTOR PVT LTD,88,88
937,PUJA ENGINEERING WORKS,1,1
938,PUNEET OVERSEAS  INC,12,12
939,PUNJAB AGRICULTURE WORKS,2,2
940,PUNJAB AGRO IMPLEMENTS INDUSTRIES,26,26
941,PUNJAB AGRO INDUSTRIES,2,2
942,PUNJAB AGRO INDUSTRIES (TRAILER),1,1
943,PUNJAB ENGINEERING COMPANY,35,35
944,PUNJAB HI-TECH INDUSTRIES,24,24
945,PUNJAB TRACTORS LIMITED,37,37
946,PUR ENERGY PVT LTD,"11,557","11,557"
947,PURVA UDYOG PVT LTD,40,40
948,PUSHKAR INDUSTRIES,89,89
949,PYTHOX MOTORS PVT LTD,144,144
950,QIANJIANG-KEEWAY (IMPORTER: ADISHWAR AUTO),364,364
951,QUALITY ENGINEERING WORK,25,25
952,QUANTUM ENERGY LTD.,122,122
953,R3 ENTERPRISES,195,195
954,RACCOON MOTORS PVT LTD,22,22
955,RADHESHYAM TRAILOR,97,97
956,RAHUL AGRO EXPORTS PVT LTD,56,56
957,"RAJA RANEE AGRO E WORKS,ANGL",6,6
958,RAJ AUTOMOTIVE,107,107
959,RAJESH STEEL AND WIRE INDUSTRIES,31,31
960,RAMA ENGINEERING WORKS,6,6
961,RAM AGRO INDUSTRIES,34,34
962,RAMAN AGRO INDUSTRIES,1,1
963,RAM CHANDER & SONS,2,2
964,RAM CHAND & SONS,30,30
965,RAMGARHIA ENGG WORKS,25,25
966,RAMJI AGRO INDUSTRIES,8,8
967,RAM JI ENGINEERING WORKS,5,5
968,RAMON INDUSTRIES,84,84
969,RANA ENGINEER WORKS,93,93
970,RASANDIK ENGINEERING INDUSTRIES INDIA LTD,59,59
971,RASANDIK MOTORS PVT LTD,2,2
972,"RASHMI AUTOMOBILES, NUAPADA",2,2
973,RASIWASIA RASAYAN PVT LTD,6,6
974,RATAN ENGINEERING WORKS,15,15
975,RATNA ENGINEERING ENTERPRISES,10,10
976,RAVINDRA AGRO WORKS,7,7
977,RAYON ENGINEERS,448,448
978,R B INDUSTRIES,2,2
979,RCJ AUTO FORGE PVT LTD,339,339
980,RD AND CO,9,9
981,REEP INDUSTRIES PVT LTD,319,319
982,REFLEX CONTROL SYSTEM PVT .LTD,85,85
983,RENAULT INDIA PVT LTD,"75,433","75,433"
984,REPUBLIC MOTORS,63,63
985,REVOLT INTELLICORP PVT LTD,"12,932","12,932"
986,RGM BUSINESS PLUS PVT LTD,"1,454","1,454"
987,RIBAND ELECTRIC PVT LTD,310,310
988,RIYA ENTERPRISE,44,44
989,"RK ENGG WORKS,JUNAGARH",13,13
990,RK TRACTOR,23,23
991,R.K.TRAILORS,3,3
992,R M PANCHAL,3,3
993,R.N.GUPTA & CO LTD,4,4
994,ROARLEO MOTOR PVT LTD,194,194
995,ROLLS ROYCE,16,16
996,ROLLS-ROYCE MOTOR CARS(IMPORTER:SELECT CARS P LTD),3,3
997,ROLLS ROYCE MOTOR (IMPORTER: KUN MOTOR),12,12
998,ROOPRAI AGRO INDUSTRIES,3,3
999,ROVER COMPANY,1,1
1000,ROWWET MOBILITY PVT LTD,127,127
1001,ROYAL-ENFIELD (UNIT OF EICHER LTD),"6,98,223","6,98,223"
1002,ROYAL TRACTOR PVT LTD,3,3
1003,RSB AGRO INDUSTRIES,3,3
1004,RSD SECURITY SOLUTIONS PVT LTD,1,1
1005,RUDRA AUTO INDUSTRIES,1,1
1006,RUDRANARAYAN ENGG WORKS BOUDH,3,3
1007,RUPAL AGRO INDUSTRIES,32,32
1008,RUTBA PRODUCT PVT LTD,562,562
1009,SACHITANAND ENGINEERING WORKS,8,8
1010,SADGURU TRAILER & AGRI EQUIP,48,48
1011,SAERA ELECTRIC AUTO PVT LTD,"22,259","22,259"
1012,SAGAR AGRO STEEL INDUSTRIES,108,108
1013,SAGAR FABRICATIONS,21,21
1014,SAGAR INDUSTRIES,9,9
1015,SAHARA TRALIORS,9,9
1016,SAHKAR AGRO IND,3,3
1017,SAHNIANAND E VEHICLES PVT LTD,"2,107","2,107"
1018,SAHU INDUSTRIES,22,22
1019,SAI BABA FABRICATION,25,25
1020,SAI ENGINEERING AND WELDING WORKS,64,64
1021,"SAI KRIPA ENG WORKS, HALADIAPADAR,BERHAMPUR,GANJAM",5,5
1022,"SAI KRUPA ENGG WORKS,BHMPUR",6,6
1023,SAINIK CYCLE MART,133,133
1024,SAI SAMEER POWER ELECTRIC VEHICLES PVT LTD,10,10
1025,SAI TRAILERS,14,14
1026,SAJEDA ENGINEERING BHAWANIPATNA,12,12
1027,SAKSHAM TECH AUTOMOBILES,247,247
1028,SAKSHAM TRADING COMPANY,17,17
1029,SAMALESWARI ENGG WORKS,7,7
1030,"SAMAL FABRICATOR,BARCHANA",19,19
1031,SAME DEUTZ - FAHR INDIA (P) LTD.,"1,253","1,253"
1032,SAMRAT ELECTRIC VEHICLE,434,434
1033,SANDHU AGRO INDUSTRIES,3,3
1034,S AND J INDUSTRIES,191,191
1035,"S AND S ENGG WORKS,BGH",2,2
1036,SANJAY TRAILORS,5,5
1037,SANJIV TRAILOR MURGOD,10,10
1038,SANSAR COMBINE,10,10
1039,SANTOSH ENGG WORKS,100,100
1040,SANY HEAVY INDUSTRY INDIA PVT LTD,295,295
1041,SANY HEAVY INT. LTD. PR C,2,2
1042,SANY INDIA,26,26
1043,SARALA ENTERPRISES CUTTACK,2,2
1044,SARANGI MOTORS TRAILER SNG,1,1
1045,"SARASWATI AGRO INDUSTRIES,CTC",28,28
1046,SARAVANA ENGINEERING WORKS,1,1
1047,SAROOP AGRO INDUSTRIES,7,7
1048,SARSWATI AGRO CO.,3,3
1049,SAS MOTORS LTD.,1,1
1050,"SATAPATHY AGENCIES, BERHAMPUR",1,1
1051,SATHI MOTORS ELECTRIC VEHICLE PVT LTD,"1,484","1,484"
1052,SATKARTAR AGRO WORKS,5,5
1053,SATNAM ENGG WORKS,22,22
1054,SATRAC ENGINEERING PVT LTD,378,378
1055,SATYANARAYANA ENGG.WORKS,20,20
1056,"SATYASAI INDUSTRIES,DHENKANAL",4,4
1057,SAURYAA SHARYO CORPORATION,4,4
1058,SAYA AGRO INDUSTRIES,21,21
1059,SBTEK E MOTO PVT LTD,18,18
1060,S B TRADERS,3,3
1061,SCA HAEVY EQUIPMENT PVT. LTD,13,13
1062,SCANIA COMMERCIAL VEHICLES INDIA PVT LIMITED,89,89
1063,SCHEUERLE FAHRZEUG FABRIK(GMBH),29,29
1064,SCHWING STETTER INDIA PL,20,20
1065,SCOOTERS INDIA LTD,3,3
1066,SEALION AUTOMOBILE PVT LTD,37,37
1067,SEC RJMT ENGG.PVT.LTD.,4,4
1068,SEC-RJMT ENGINEERING PVT LTD,47,47
1069,"SEMBHI ARGO IND,SAMBALPUR",2,2
1070,SEN AND PANDIT VOLTAGE CONTROL PVT LTD,52,52
1071,SENNEBOGEN EXCAVATOR 821E,1,1
1072,SETH INDUSTRIAL CORPORATION,568,568
1073,SF2 E VEHICLE PVT LTD,36,36
1074,SGLLINE MOTORS PVT LTD,68,68
1075,SHAH AGRO ENGG WORKS,1,1
1076,SHAKTI AUTO GREEN,479,479
1077,SHAKTI ENGINEERING WORK,27,27
1078,"SHAKTI EN WORKS HALADIAPADAR,BERHAMPUR,GANJAM",1,1
1079,SHAKTIMAN AGRO INDUSTRIES,56,56
1080,SHAKTTI CONSTRUCTIONS EQUIPMENT PVT LTD,194,194
1081,SHALYA AUTO SALES PVT LTD,363,363
1082,SHARMA  AUTO MOBILES,1,1
1083,SHARMA-SHARMA ENGN WORKS,10,10
1084,SHEHALPREET ENGG WORKS,29,29
1085,"SHEKHAR ENGINEERING,JAJPUR",5,5
1086,SHIGAN EVOLTZ LTD,712,712
1087,SHINE METAL UDYOG PVT LTD (UNIT- II),20,20
1088,SHINME ELECTRICAL VEHICLE PVT LTD,38,38
1089,SHIVA GAYATRI ENGG WORKS,742,742
1090,"SHIV AGRO ,AGENCY",2,2
1091,SHIV AGRO INDUSTRIES,118,118
1092,SHIVAJI AGRO INDUSTRIES,17,17
1093,SHIVASHAKTHI ENG WORKS,227,227
1094,SHIVKRUPA TRAILOR,15,15
1095,SHIV OM INDIA,80,80
1096,SHIVRAJ TRAILOR,82,82
1097,SHIV SAI ENG WORKS,3,3
1098,SHIVSHAKTI STEEL INDUSTRIES LATUR,80,80
1099,SHOBHA ENG WORKS,9,9
1100,SHREE AMEE CONST EQUP,3,3
1101,SHREE BABA ENGINEERING WORKS,2,2
1102,SHREE BALAJI ENGINEERING WORK SHOP,8,8
1103,SHREE CARS PVT. LTD,1,1
1104,SHREE DURGA FABRICATION COMPANY,1,1
1105,SHREE KRISHNA AGRO INDUSTRIES,1,1
1106,SHREE MARUTI NANDAN BUSINESSS (P) LTD,246,246
1107,SHREE MOMAI TRAILER,1,1
1108,SHREE SAI AGRO ENGINEERING WORKS,69,69
1109,SHREE SHAKTI AGRO INDIA,1,1
1110,SHREYA ENGINEERS,5,5
1111,SHRI AVP ENGINEERING WORK,7,7
1112,SHRI BARSANA E-VEHICLES PVT LTD,"1,966","1,966"
1113,SHRI DATTA AGRO INDUSTRIES,3,3
1114,SHRI ENGINEERING WORKS,2,2
1115,SHRI GAJALAXMI ENGG WORKS,8,8
1116,SHRI GANESH ENGINERRING WORKS,51,51
1117,SHRIKANTH ENGINEERING WORKS,5,5
1118,SHRI KRISHNA INDUSTRIES,15,15
1119,SHRI LAXMI ENGINEERING WORKS,94,94
1120,SHRI MAHALAXMI AGRO IND,8,8
1121,SHRI NAMO ELECTRIC AUTOMOTIVE,354,354
1122,SHRI NANDI TRAILER WORKS,1,1
1123,SHRINIWAS AGRO INDUSTRIES,89,89
1124,SHRI RADHE ENGG,3,3
1125,SHRIRAJ ELECTRIC VEHICLES,"2,408","2,408"
1126,SHRI RAMA ENGINEERING,65,65
1127,SHRI RAM AGRO INDUSTRIES,4,4
1128,SHRI RAM AUTO TECH PVT LTD,6,6
1129,SHRI RAM TRAILOR,15,15
1130,SHRI SAI ENGG WORKS,32,32
1131,SHRI SAI SANTOSHI MATA AGRICULTURAL WORKS,4,4
1132,SHRI SHANKAR ENG WORKS,89,89
1133,SHRI SHIVAJI ENG WORKS,40,40
1134,SHRI SHIVSHANKAR ENTERPRISES,8,8
1135,SHRI SHIVSHIDHA AGRI IMPLIMENT,7,7
1136,SHRI SHRINIVASA ENG WORKS,42,42
1137,SHRI SHYAM ENGG WORKS,31,31
1138,SHRI SHYAM INDUSTRIES,8,8
1139,SHRI SWASTIK ENGG,63,63
1140,SHRI TIRUMALA ENGINEERING WORKS,48,48
1141,SHRI VADESHWAR TRAILORS,28,28
1142,SHRI VENKATARAMANA TRAILER WORK,13,13
1143,SHRI VENKATESHWARA ENGINEERING WORKS,36,36
1144,SHRI VENKATESHWAR AGRO INDUSTRIES,3,3
1145,SHRI VIJAY ENGINEERING WORKS,30,30
1146,SHRI VINAYAK INDUSTRIES,12,12
1147,SHRI VISHWAKARMA AUTOMOBILE,81,81
1148,SHUBHADA INDUSTRIES,1,1
1149,SHUBHLAXMI AGRO IND.,2,2
1150,"SIDDHAKALA ENGINEERING AND WELDING WORKS
",8,8
1151,SIDDHI ENGINEERING WORKS,33,33
1152,SIDDHIVINAYAK ENGINEERING,3,3
1153,SIDHI DURGA ENGINEERING,59,59
1154,SIGMACON EQUIPMENT LLP,2,2
1155,SINGHAL ENTERPRISES,55,55
1156,SINGH AUTOMOBILES,26,26
1157,SINGH ENGINEERING WORKS,3,3
1158,SIRF INDIA VEHICLES PVT LTD,5,5
1159,SITYOG ENGINEERING PVT LTD,3,3
1160,SIWACH STEEL PVT LTD,92,92
1161,SIX SENSES AUTOMOTIVE PVT LTD,7,7
1162,SKODA AUTO AS,1,1
1163,SKODA AUTO INDIA PVT LTD,599,599
1164,SKODA AUTO VOLKSWAGEN INDIA PVT LTD,"86,828","86,828"
1165,SKS AUTOMOBILES (I) PVT LTD,7,7
1166,SKS TRADE INDIA PVT LTD,"7,240","7,240"
1167,S. K. TRAILER,6,6
1168,SKYRIDE AUTOMOTIVE,73,73
1169,SMART ELECTRO MOTORS,30,30
1170,SML ISUZU LTD,"9,212","9,212"
1171,SMV,202,202
1172,SN SOLAR ENERGY,34,34
1173,SOKUDO ELECTRIC INDIA PVT LTD,1,1
1174,SOLANKE ENGINEERING WORKS,23,23
1175,SONALIKA INTERNATIONAL TRACTORS LIMITED,77,77
1176,SONI E VEHICLE PVT LTD,123,123
1177,SONU MONU TRACTOR,1,1
1178,SPEED AUTO TECH,24,24
1179,SPEED CRAFTS LIMITED,1,1
1180,SPEEGO VEHICLES CO PVT LTD,"4,084","4,084"
1181,SPEEGO VEHICLES PVT. LTD,128,128
1182,"S P TRADING, KHURDA",47,47
1183,S R AGRICULTURE EQUIPMENTS CO (P) LTD,19,19
1184,SRD RENEWABLES,"1,509","1,509"
1185,"SRI AGENCY & FABRICATION,GOPINATH NAGAR,BERHAMPUR",32,32
1186,"SRIAGENCY & FABRICATOR,BHMPUR",1,1
1187,"SRI GANESH ENG WORKS, HALADIAPADAR, GANJAM",5,5
1188,SRI LAKSHMI ENGINEERING INDUSTRIES,5,5
1189,SRI MANJU INDUSTRIES,1,1
1190,SRI MANJU TRAILERS,1,1
1191,SRI NANDISHWARA ENGINEERING WORKS,5,5
1192,SRI SAI AGRICULTURAL EQUIPMENT,96,96
1193,"SRI.TIRUMALA AGRO SALES, CHARBAHAL",1,1
1194,SRIVARU MOTORS PVT LTD,52,52
1195,SRI VELMURUGAN ENGINEERING WORKS,3,3
1196,S S AGRO INDUSTRIES,3,3
1197,S.S. AGRO TECH,12,12
1198,SSB INDISTRIES,"1,917","1,917"
1199,SSEV ENTERPRISES PRIVATE LIMITED,531,531
1200,S S GLOBAL,9,9
1201,SSV TECHNOLOGIES,2,2
1202,STANDARD AGRICULTURE WORKS(R),12,12
1203,STANDARD COMBINES PVT LTD,5,5
1204,STANDARD CORPORATION INDIA LTD,141,141
1205,STAR AGRO INDUSTRIES,7,7
1206,STAR BULL E MOTORS,"2,468","2,468"
1207,STAR IGLOBAL AUTOMOTIVE PVT LTD,308,308
1208,STAR WELDING WORKS,19,19
1209,SUBHADRA ENGINEERING NUAPADA,54,54
1210,SUBHLAXMI AGRO,8,8
1211,SUBRAMANYESWARA INDUSTRIES,44,44
1212,SUDHA ENGINEERING WORKS,15,15
1213,SUDHRAJ ELECTRIC MOBILITY PVT. LTD.,31,31
1214,SUGANJI RARA ELECTRIC VEHICLE PVT LTD,2,2
1215,"SUJAY ENGG ENTERPRISES
",1,1
1216,SUKHDEV AGRO INDUSTRIES,8,8
1217,SUKHRAJ & SUKHRAJ INDUSTRIES,5,5
1218,SUMFONL AUTO TRADERS PVT LTD,68,68
1219,SUNIL AGRO ENGINEERING WORKS,28,28
1220,SUNSET TRADE PVT LTD,315,315
1221,SUNULTRA POWER SOLUTIONS PVT LTD,95,95
1222,SUPERECO AUTOMOTIVE CO,106,106
1223,SUPER METRO INDUSTRIES,"1,217","1,217"
1224,SUPER STANDARD AGRO COMBINE,5,5
1225,SUPERTECH EV LIMITED,"1,335","1,335"
1226,SUPREME SMART POWER PVT LTD,291,291
1227,SURAJ ENGINEERING WORKS,14,14
1228,SURENDERA AGRO INDUSTRIES,7,7
1229,SURINDERA AGRO INSDUSTRIES,130,130
1230,SURYA INDUSTRIES,17,17
1231,SURYA INTERNATIONAL,3,3
1232,SURYA MOTORS,1,1
1233,SURYODAY MECHANICAL WORKS,1,1
1234,SUZUKI JAPAN,1,1
1235,SUZUKI MOTORCYCLE INDIA PVT LTD,"6,87,350","6,87,350"
1236,S.V.ENGINEERS,6,6
1237,SWADESH MOTORS AND TRACTORS LTD,6,6
1238,SWAMI ENGINEERING WORKS,2,2
1239,"SWAPNA FABRICATION WORKS,MALKANGIRI",5,5
1240,SWARAJ AUTOMOTIVES LTD,22,22
1241,SWARNCHAKRA AUTOMOBILES PVT LTD,10,10
1242,SWASTIK ENGINEERING WORKS,2,2
1243,SWITCH MOBILITY AUTOMOTIVE LTD,380,380
1244,SYAN AGRO INDUSTRY,78,78
1245,SYNDICATE AUTO COMPONENTS,224,224
1246,TADANO LIMITED,4,4
1247,TAFE LIMITED,"92,647","92,647"
1248,TAO POWER PRIVATE LIMITED,4,4
1249,TARLE CONSTRUCTION EQUIPMENTS PVT LTD,5,5
1250,TATA ADVANCED SYSTEMS LTD,432,432
1251,TATA HITACHI CONSTRUCTION MACHINERY COMP. PVT LTD,"1,027","1,027"
1252,TATA HITACHI MACHINERY CONSTRUCTION LIMITED,52,52
1253,TATA INTERNATIONAL VEHICLE APPLICATIONS PVT LTD,5,5
1254,TATA MOTORS LTD,"3,82,705","3,82,705"
1255,TATA MOTORS PASSENGER VEHICLES LTD,"4,83,176","4,83,176"
1256,TAURUS ELECTRIC VEHICLES,267,267
1257,TBL ENTERPRISE,1,1
1258,TEJASGREEN AUTOMOTIVE PVT LTD,41,41
1259,TELCO LTD,4,4
1260,TELSA INC,1,1
1261,TEREX CORPORATION,4,4
1262,TEREX EQUIPMENT PVT LTD,1,1
1263,TEREX INDIA PRIVATE LIMITED,29,29
1264,TERRA MOTORS INDIA PVT LTD,"8,101","8,101"
1265,THE COMMERCIAL MOTORS LIMITED,71,71
1266,THUKRAL ELECTRIC BIKES PVT LTD,"6,225","6,225"
1267,TI CLEAN MOBILITY PVT LTD,3,3
1268,TII INDIA PVT LTD,82,82
1269,TIL LIMITED,4,4
1270,TIL LTD,3,3
1271,TIRTH AGRO TECHNOLOGY PVT LTD,303,303
1272,TIRTH AGRO TECH.PVT.LTD,3,3
1273,TIRTH HYGIENE TECHNOLOGY PVT LTD,13,13
1274,TIRUPATI AGRO INDUSTRIES,10,10
1275,TITAGARH AGRICO (P) LTD,6,6
1276,TOGOR ENGINEERING WORKS,2,2
1277,TOP TEAM MACHINES PVT LTD,"1,478","1,478"
1278,TORK MOTORS PVT LTD,493,493
1279,TOYOTA HIACE GL COMMUTER,1,1
1280,TOYOTA KIRLOSKAR MOTOR PVT LTD,"1,59,441","1,59,441"
1281,TOYOTA MATERIAL HANDLING INDIA PVT LTD,118,118
1282,TPS INFRASTRUCTURE LTD,17,17
1283,TRACLAXX TRACTORS PVT LTD,154,154
1284,TRACLAXX TRACTORS PVT.LTD,1,1
1285,TRACTOR VANDANA GREEN,7,7
1286,TRANS MECH SYSTEMS,2,2
1287,TRANSPORT ENGINEERING SOLUTIONS INDIA PVT LTD,116,116
1288,TRATEC ENGINEERS PVT LTD,74,74
1289,TRIMURTI AGRO INDUSTRIES,12,12
1290,TRIMURTI INDUSTRIES,5,5
1291,TRIMURTI TRAILER,1,1
1292,TRINITY ELECTRIC VEHICLES PVT LTD,8,8
1293,TRISHIKA INDUSTRIES,"1,375","1,375"
1294,TRISHUL TRACTORS PVT. LTD.,9,9
1295,TRIUMPH MOTORCYCLES (INDIA) PVT LTD,944,944
1296,TSM ENGINEERING PVT LTD,73,73
1297,TSR TRADE COM,35,35
1298,TUFAN MOTORS PVT LTD,491,491
1299,T U K INDUSTRIES,"1,497","1,497"
1300,TULJABHAWANI AGRO INDUSTRIES,9,9
1301,TULSI TRAILER,11,11
1302,TUNWAL E MOTORS PVT LTD,71,71
1303,TVS MOTOR COMPANY LTD,"25,10,184","25,10,184"
1304,TWASHTRE AUTOMOTIVE PVT LTD,13,13
1305,TWINKLE TRADCOM PVT LTD,680,680
1306,TWO FRIENDS AUTO ELECTRIC PVT LTD,"3,189","3,189"
1307,TYST DRIVE INDIA PVT LTD,34,34
1308,ULTRAVIOLETTE AUTOMOTIVE PVT LTD,60,60
1309,UMA  AUTO INDUSTRIES PVT. LTD,36,36
1310,UMA MOTORS,162,162
1311,UNIPAVE ENGINEERING PRODUCTS,8,8
1312,UNIQUE ENTERPRISES,"2,054","2,054"
1313,UNIQUE INTERNATIONAL,"11,022","11,022"
1314,UNITED KINGDOM GROVE,6,6
1315,UNITED TRANSMOVERS PVT LTD,356,356
1316,UNITER ENGINEERING PRODUCTS,1,1
1317,U P TELELINKS LIMITED,18,18
1318,U.P. TELELINKS LIMITED,"2,321","2,321"
1319,URWASHI ENTERPRISES,188,188
1320,UTKAL INDUSTRIES,11,11
1321,UTTAM CONSTRUCTION EQUIPMENTS,99,99
1322,VAHAK FUTURE SOLUTIONS LLP,20,20
1323,VANDANA TRAILORS AND BODY MFG PVT LTD,10,10
1324,VANI ELECTRIC VEHICLES PVT LTD,"6,447","6,447"
1325,VARUN INDUSTRIES,1,1
1326,VASHAN AGRICULTURE WORKS,18,18
1327,VEANCO AUTOMOTIVES PVT LTD,8,8
1328,VE COMMERCIAL VEHICLES LTD,"64,165","64,165"
1329,VE COMMERCIAL VEHICLES LTD (VOLVO BUSES DIVISION),121,121
1330,VECTRA ADVANCED ENGINEERING (P) LTD,5,5
1331,VEECTERO E VEHICLES LLP,157,157
1332,VEERBHADRA ENGINEERING WORKS,4,4
1333,VEHICLE FACTORY JABALPUR,58,58
1334,VENKATESHWARA ENGINEERING WORK,19,19
1335,VENKATESHWAR AGRO INDUSTRIES,7,7
1336,VENUS AUTO WHEELS PVT LTD,457,457
1337,VENUS EQUIPMENT,65,65
1338,VERT EQUIPMENT PVT LTD,16,16
1339,VICTORIA E VEHICLES PVT. LTD,12,12
1340,VICTORY ELECTRIC INTERNATIONAL,"2,616","2,616"
1341,VIDARBHA TRAILERS,7,7
1342,VIJAYA ELECTRIC AUTO PVT LTD,207,207
1343,VIJAY AGRICULTURAL INDUSTRIES,4,4
1344,VIJAYA INDUSTRIES,74,74
1345,VIJAYALAKSHIMI ENGG WORKS,6,6
1346,VIJAYALAKSHMI INDUSTRIES,4,4
1347,VIJAY ENGINEERING WORKS,86,86
1348,VIJAYS ENERGY INDUSTRIES (INDIA) PVT LTD,"2,177","2,177"
1349,VIJAYSHREE AUTOCOM LIMITED,266,266
1350,VIKAS AGRO INDUSTRIES,4,4
1351,VIKRANT ENGINEERING,94,94
1352,VIMAL UNIVERSAL TRADE PVT LTD,521,521
1353,VINA ENGINEERING WORKS,13,13
1354,VINCI INDUSTRIAL CORPORATION,7,7
1355,VINTAGE VEHICLES,579,579
1356,VISHALA E-VEHICLES INDUSTRIES PRIVATE LIMITED,5,5
1357,VISHAL AGRICULTURAL WORKS,20,20
1358,VISHAL ENTERPRISES,129,129
1359,VISHAVKARMA AGRO INDUSTRIES,1,1
1360,VISHAVKARMA ENGINEERING WORKS,248,248
1361,VISHVAS TRACTORS LTD.,3,3
1362,VISHWAKARMA AGRICULTURE UDHYOG,118,118
1363,VISHWAKARMA GNG INDUSTRY,15,15
1364,VISHWARUP ENTERPRISE,4,4
1365,VISHWAS EQUIPMENT,1,1
1366,VISWAKARMA AGRO INDUSTRIES,7,7
1367,"VISWANATH INDUSTRIES,BBSR",47,47
1368,VITAN JAGADA AUTOMOBILE PVT LTD,5,5
1369,VMT INDUSTRIES PVT LTD,169,169
1370,VOLKSWAGEN AG,10,10
1371,VOLKSWAGEN INDIA PVT LTD,216,216
1372,VOLTAS LIMITED,23,23
1373,VOLVO AUTO INDIA PVT LTD,"1,759","1,759"
1374,VOLVO CE INDIA PRIVATE LIMITED,519,519
1375,"""VOLVO GROUP INDIA PVT LTD""","1,065","1,065"
1376,VOLVO GROUP TRUCKS CENTRAL EUROPE GMBH,2,2
1377,VOLVO TRUCKS CORPORATION,6,6
1378,VRINDA ENTERPRISES,618,618
1379,V R WELDING WORKS,1,1
1380,VSL INDUSTRIES,3,3
1381,V S TRAILERS,1,1
1382,V.S.T. TILLERS TRACTORS LIMITED,"5,296","5,296"
1383,VST TILLER TRACTOR LTD,1,1
1384,V.T. ENGINEERING,51,51
1385,V.V.A.AUTO INDUSTRIES PVT.LTD,63,63
1386,WAKEN MULTITECH PVT LTD,1,1
1387,WARDWIZARD INNOVATIONS & MOBILITY LIMITED,946,946
1388,WASAN E-MOBILITY SOLUTIONS PVT LTD,35,35
1389,WASIM MEERA ENGG WORKS,55,55
1390,WELKIN HEALTHCARE PVT LTD,82,82
1391,WHITE CARBON MOTORS PVT LTD,71,71
1392,WILLYS INDIA LTD,4,4
1393,WIRTGEN INDIA PVT LTD,363,363
1394,WISENT INFRATECH LLP,26,26
1395,WOX COOLERS PVT LTD,2,2
1396,WUXI DONGMA (IMPORTER: DYNAM PRECISION),11,11
1397,WUXI JIYAYI (IMPORTER: IZANAU ELECTRIC LLP),69,69
1398,WUXI SAIGE ELECTRIC (IMPORTER: DELTA AUTOCORP LLP),34,34
1399,WUXI SAIGE ELECTRIC (IMPORTER: GLORIOUS DIGITAL),29,29
1400,WUXI SAIGE (IMPORTER: E-VISHWA ELECTOBIKE),14,14
1401,WUXI SAIGE (IMPORTER: WARIVO MOTOR),6,6
1402,WUXI TENGHUI (IMPORTER: FLYCON MOTORS),4,4
1403,WUXI TENGHUI (IMPORTER: SEEKA E MOTORS),55,55
1404,WUXI TENGHUI INTERNATIONAL (IMPORTER: FRANKLIN EV),2,2
1405,XCMG CONSTRUCTION MACHINERY CO. LTD.,4,4
1406,"XUZHOU CONSTRUCTION MACHINERY GROUP CO. LTD, CHINA",110,110
1407,XXPLORE AUTOMATIVE PVT LTD,14,14
1408,XXPLORE AUTOMOTIVE PVT. LIMITED,15,15
1409,XYZ1,68,68
1410,XYZ2,8,8
1411,YAARI AUTOMOBILES PVT LTD,1,1
1412,YAGYAPRIYAA CONSTRUCTION EQUIPMENT INDIA PVT LTD,10,10
1413,YANGGUANG LINGMU (IMPORTER: DAWNGATE BUSINESS),32,32
1414,YANGGUANG LINGMU (IMPORTER: DURGA FILTERS),5,5
1415,YANGGUANG LINGMU (IMPORTER: ECOINDIA),2,2
1416,YANGGUANG LINGMU (IMPORTER: FLYCON MOTORS),5,5
1417,YANGGUANG LINGMU (IMPORTER: REMARK ELECTRIC),20,20
1418,YASH AGRO ENGINEERING WORKS,11,11
1419,YC ELECTRIC VEHICLE,"31,840","31,840"
1420,YC ELECTRIC VEHICLE PVT LTD,111,111
1421,YUVRAJ AGRICULTURE WORKS,1,1
1422,YUVRAJ INTERNATIONAL,5,5
1423,ZAP (HK) (IMPORTER: IZANAU ELECTRIC),46,46
1424,ZAP (IMPORTER:ELLYSIUM AUTOMOTIVES PVT LTD),8,8
1425,ZENIAK INNOVATION INDIA LTD,"1,560","1,560"
1426,ZENMO PRIVATE LIMITED,1,1
1427,ZENTHIUM EV PVT LTD,277,277
1428,ZEOPLUS AXIS INDIA PVT. LTD.,883,883
1429,ZERO 21 RENEWABLE ENERGY SOLUTIONS PVT LTD,4,4
1430,ZESAR MOTORS PVT LTD,18,18
1431,ZHEJIANG CFMOTO (IMPORTER: ADISHWAR AUTO),28,28
1432,ZHEJIANG CHANGLING (IMPORTER: ADISHWAR AUTO),201,201
1433,ZHEJIANG LANGXIANG (IMPORTER: ROUTE AUTO ELECTRIC),1,1
1434,ZHEJIANG LUYUAN (IMPORTER: DYNAM EV TECH),34,34
1435,ZHEJIANG MORNI (IMPORTER: ADISHWAR AUTO),14,14
1436,ZHEJIANG QIANJIANG (IMPORTER: ADISHWAR AUTO),19,19
1437,ZHEJIANG TIANYING  (IMPORTER: NEWTRON ELECTRIC),19,19
1438,ZOHAN TRADERS AND BIG METRO,29,29
1439,ZOOMLION INDIA PVT LTD,124,124
